﻿Team,Group,First,Second,Third
Senegal,A,Qatar,Ecuador,Netherlands
Qatar,A,Senegal,Netherlands,Ecuador
Netherlands,A,Ecuador,Qatar,Senegal
Ecuador,A,Netherlands,Senegal,Qatar
Iran,B,England,USA,Wales
England,B,Iran,Wales,USA
USA,B,Wales,Iran,England
Wales,B,USA,England,Iran
Argentina,C,Saudi Arabia,Poland,Mexico
Saudi Arabia,C,Argentina,Mexico,Poland
Mexico,C,Poland,Saudi Arabia,Argentina
Poland,C,Mexico,Argentina,Saudi Arabia
Denmark,D,Tunisia,Australia,France
Tunisia,D,Denmark,France,Australia
France,D,Australia,Tunisia,Denmark
Australia,D,France,Denmark,Tunisia
Germany,E,Japan,Spain,Costa Rica
Japan,E,Germany,Costa Rica,Spain
Spain,E,Costa Rica,Germany,Japan
Costa Rica,E,Spain,Japan,Germany
Morocco,F,Croatia,Canada,Belgium
Croatia,F,Morocco,Belgium,Canada
Belgium,F,Canada,Morocco,Croatia
Canada,F,Belgium,Croatia,Morocco
Switzerland,G,Cameroon,Brazil,Serbia
Cameroon,G,Switzerland,Serbia,Brazil
Brazil,G,Serbia,Switzerland,Cameroon
Serbia,G,Brazil,Cameroon,Switzerland
Uruguay,H,South Korea,Portugal,Ghana
South Korea,H,Uruguay,Ghana,Portugal
Portugal,H,Ghana,Uruguay,South Korea
Ghana,H,Portugal,South Korea,Uruguay
